Koncentration,Gennemsnit,Gruppe
0.2,0.2056,3
0.3,0.34085,3
0.4,0.4665,3
0.1,0.12204999999999999,1
0.2,0.26,1
