Mælk,% protein,Ostemasse
Soja,5.413707880252002,62.5
Sødmælk,4.242346450732322,0.0
Mandel,3.1767146483715347,83.33333333333334
Mini,3.0148298665390394,0.0
